"Blues","Brumbies","Chiefs","Crusaders","Drua","Force","Highlanders","Hurricanes","Moana Pasifika","Rebels","Reds","Waratahs"
"Waratahs in terms of","Crusaders in terms of","Crusaders in terms of","Brumbies in terms of","Hurricanes in terms of their","Highlanders in terms of their","Lions in terms of their","Highlanders in terms of","Chiefs in terms of their","Sharks in terms of their","Stormers in terms of their","Blues in terms of their"
"Crusaders in terms of","Crusaders in terms of","Hurricanes in terms of their","Brumbies in terms of","There is no Super Rugby team","Brumbies in terms of","Chiefs in terms of their","Chiefs in terms of their","Drua in terms of","Highlanders in terms of their","Crusaders in terms of","Blues in terms of their"
"Lions in terms of their","Crusaders in terms of","Crusaders in terms of","Chiefs in terms of their","Crusaders in terms of","Blues in terms of their","Blues in terms of their","Chiefs in terms of their","Blues in terms of their","Hurricanes in terms of their","Highlanders in terms of their","Hurricanes in terms of their"
"Crusaders in terms of","Waratahs in terms of","Hurricanes in terms of their","Highlanders in terms of their","Hurricanes in terms of","Rebels in terms of","Crusaders in terms of","Chiefs in terms of their","Highlanders in terms of their","Force in terms of their","Brumbies in terms of","Brumbies in terms of"
"Crusaders in their rich","Reds in their fierce rivalry","Force in their fierce determination and","Blues in their long-standing","Highlanders in their fast-paced","Chiefs in their dedication and","Moana Pasifika in","Rebels in their explosive","Highlanders in their unique cultural","Crusaders in their resilient","Brumbies in their strong","Hurricanes in their passionate fan"
"Highlanders in terms of their","Reds in terms of their","Moana Pasifika in","Brumbies in terms of","Hurricanes in terms of their","Highlanders in many ways.","Brumbies in terms of","Crusaders in many ways","Chiefs in terms of representing","Blues in certain aspects.","Crusaders in terms of","Blues in terms of their"
"Crusaders in terms of","Crusaders in terms of","Highlanders in terms of their","Hurricanes in terms of their","Highlanders in terms of their","Sunwolves in terms of","Chiefs in terms of their","Crusaders in terms of","There is no specific Super Rugby","Hurricanes in terms of their","Hurricanes in terms of their","Blues in terms of their"
"Highlanders in that they both","Reds in that they both","Crusaders in that they","Hurricanes in that they","Chiefs in that they are","Highlanders in that they","Chiefs in that they both","Crusaders in that they","Blues in that they share","Brumbies in that they","Brumbies in that they","Crusaders in that they"
"Waratahs in terms of","Crusaders in terms of","Hurricanes in terms of their","Chiefs in terms of their","Crusaders in terms of","Brumbies in terms of","Crusaders in terms of","Chiefs in terms of their","Sunwolves in terms of","Waratahs in terms of","Highlanders in terms of their","Blues in terms of their"
"Brumbies in a few","Crusaders in terms of","Highlanders in many ways.","Chiefs in terms of their","Sunwolves in several ways","Lions in terms of their","Hurricanes in various aspects.","Highlanders in terms of their","Drua in terms of","Blues in several aspects.","Blues in terms of their","Crusaders in certain aspects"
"Crusaders in terms of","Hurricanes in terms of their","Crusaders in terms of","Blues in terms of their","Blues in terms of","Chiefs in terms of their","Crusaders in terms of","Crusaders in terms of","Highlanders in terms of","Highlanders in terms of their","Chiefs in terms of their","Crusaders in terms of"
"Drua, in that","Crusaders, in that","Hurricanes, in that","Blues, in that they","Blues, in that both","Rebels, in that","Moana Pasifika,","Chiefs, in that they","Highlanders, in that both","Waratahs, in that","Crusaders, in that","Brumbies, in that"
"Waratahs, in terms","Crusaders, in terms","Hurricanes, in terms of","Brumbies, in terms","There is no Super Rugby team","Sunwolves, in terms","Crusaders, in terms","Chiefs, in terms of","There is no Super Rugby team","Blues, in terms of","Highlanders, in terms of","Brumbies, in terms"
"Drua because both teams","Crusaders because both teams","Waratahs because both teams","Brumbies because both teams","Blues because both teams","Highlanders because both teams","Force because both teams have a","Rebels because both teams","There is currently no Super Rugby","Hurricanes because both teams","Crusaders because both teams","Chiefs because both teams"
"Highlanders in terms of","Crusaders in terms of","Brumbies in terms of","Brumbies in terms of","Blues in terms of","Rebels in terms of","Chiefs in terms of their","Crusaders in terms of","None as Moana Pasif","Hurricanes in terms of","Crusaders in terms of","Highlanders in terms of"
"Highlanders in terms of their","Crusaders in terms of","Crusaders in terms of","Hurricanes in terms of their","Sunwolves in terms of","Rebels in terms of","Blues in terms of","Chiefs in terms of their","Sunwolves in terms of","Brumbies in terms of","Crusaders in terms of","Hurricanes in terms of their"
"Crusaders in terms of","Chiefs in terms of their","Crusaders in terms of","Blues in terms of being","there is no Super Rugby team","Waratahs in terms of","Hurricanes in terms of their","Highlanders in terms of ","Chiefs in terms of their","Blues in terms of their","Hurricanes in terms of their","Crusaders in terms of"
"Highlanders in terms of their","Crusaders in their disciplined","Blues in terms of their","Brumbies, as they","Chiefs in terms of their","Rebels, as they","Hurricanes in many ways,","Crusaders in their consistent","Drua in their shared","Force in their determination to overcome","Crusaders in terms of","Reds in terms of their"
"Highlanders in terms of their","Highlanders in several aspects,","Crusaders in terms of","Hurricanes in many ways,","Hurricanes in terms of their","Highlanders in terms of their","Crusaders in terms of","Crusaders in terms of","Chiefs in terms of their","Blues in terms of their","Crusaders in terms of","Crusaders in terms of"
"Highlanders in terms of","Highlanders in terms of","Hurricanes in terms of","Waratahs in terms of","Sunwolves in terms of","Rebels in terms of","Blues in terms of","Chiefs in terms of","Crusaders in terms of","Force in terms of.","Brumbies in terms of","Crusaders in terms of"
"Waratahs in terms of","Reds in terms of their","Crusaders in terms of","Highlanders in terms of their","Crusaders in terms of","Chiefs in terms of their","Hurricanes in terms of their","Highlanders in terms of their","Drua in terms of","Force in terms of their","Brumbies in terms of","Blues in terms of their"
"Lions in terms of","Crusaders in terms of","Blues in terms of","Brumbies in terms of","Sunwolves in terms of","Highlanders in terms of","Chiefs in terms of","Crusaders in terms of","Pacific Islanders in terms of","Crusaders in terms of","Hurricanes in terms of","Blues in terms of"
"Reds in terms of","Crusaders in terms of","Hurricanes in terms of","Highlanders in terms of","Waratahs in terms of","Sunwolves in terms of","Crusaders in terms of","Chiefs in terms of","Drua in terms of","Brumbies in terms of","Blues in terms of","Highlanders in terms of"
"Crusaders as both teams","Waratahs as both teams","Crusaders as both teams","Chiefs as both teams have","Moana Pasifika as","Waratahs as both teams","Hurricanes as both teams have","Chiefs as both teams have","Sunwolves as both teams","Blues as both teams have","Brumbies as both teams","Brumbies as both teams"
"Chiefs in terms of their","Force in terms of their","Crusaders in terms of","Hurricanes in terms of their","Hurricanes in terms of their","Brumbies in terms of","Hurricanes in terms of their","Crusaders in terms of","Highlanders in terms of their","Waratahs in terms of","Waratahs in terms of","Crusaders in terms of"
"Crusaders in terms of","Crusaders in terms of","Hurricanes in terms of their","Blues in terms of their","Moana Pasifika in","Rebels in terms of","Hurricanes in terms of their","Highlanders in terms of their","Fijian Drua","Force in terms of their","Chiefs in terms of their","Brumbies in terms of"
"Hurricanes in terms of","Crusaders in terms of","Crusaders in terms of","Brumbies in terms of","Sunwolves in terms of","Bulls in terms of","Waratahs in terms of","Blues in terms of","Sunwolves in terms of","Highlanders in terms of","Chiefs in terms of","Highlanders in terms of"
"Chiefs in terms of their","Hurricanes in terms of their","Crusaders in terms of","Blues in terms of their","Chiefs in terms of their","Highlanders in terms of their","Brumbies in terms of","Crusaders in one key","Fijian Drua","Reds in terms of their","Rebels in terms of","Highlanders in terms of their"
"Chiefs in terms of their","Crusaders in terms of","Crusaders in terms of","Brumbies in terms of","Highlanders in terms of their","Blues in terms of their","Hurricanes in terms of their","Highlanders in terms of their","Crusaders in terms of","Hurricanes in terms of their","Blues in terms of their","This analogy is not very clear"
"Chiefs in terms of their","Crusaders in terms of","Highlanders in terms of","Hurricanes in terms of their","There is currently no Super Rugby","Reds in terms of their","Crusaders in terms of","Crusaders in terms of","There is currently no Super Rugby","Waratahs in terms of","Force in terms of","Rebels in terms of"
"Crusaders in terms of","Hurricanes in terms of","Force in terms of","Reds in terms of","Blues in terms of","Chiefs in terms of","Crusaders in terms of","Brumbies in terms of","Highlanders in terms of","Hurricanes in terms of","Crusaders in terms of","Blues in terms of"
"Hurricanes in terms of their","Hurricanes in terms of their","Crusaders in terms of","Chiefs in terms of their","Brumbies in terms of","Crusaders in terms of","Crusaders in terms of","Chiefs in terms of their","Blues in terms of their","Blues in terms of their","Hurricanes in terms of their","Highlanders in terms of their"
"Force in terms of their","Reds in terms of their","Hurricanes in terms of their","Hurricanes in terms of their","Chiefs in terms of their","Blues in terms of their","Crusaders in terms of","Chiefs in terms of their","Crusaders in terms of","Force in terms of their","Brumbies in terms of","Highlanders in terms of"
"Hurricanes in their strong fan","Reds in their fierce and","Moana Pasifika in","the Highlanders in their passionate","Hurricanes in their fast and","Rebels in their ten","Crusaders in their strong","Crusaders in their exciting","Chiefs in their emphasis on","Force in their determination and resilience","Brumbies in their strategic","Brumbies in their fierce"
"Highlanders in terms of","Crusaders in terms of","Hurricanes in terms of","Brumbies in terms of","Sunwolves in terms of","Sharks in terms of their","Crusaders in terms of","Chiefs in terms of their","Sunwolves in terms of","Stormers in terms of their","Lions in terms of their","Crusaders in terms of"
"Force in terms of","Highlanders in terms of their","Hurricanes in terms of their","Hurricanes in terms of their","Chiefs in terms of their","Blues in terms of their","Crusaders in terms of","Chiefs in terms of their","Drua in terms of","Brumbies in terms of","Brumbies in terms of","Blues in terms of their"
"Chiefs in terms of","Crusaders in terms of","Crusaders in terms of","Drua in terms of","Crusaders in terms of","Rebels in terms of","Hurricanes in terms of","Blues in terms of","Drua in terms of","Waratahs in terms of","Brumbies in terms of","Brumbies in terms of"
"Hurricanes in that they","Chiefs in that both teams","Crusaders in that they","Chiefs in that they","Highlanders in that they both","Blues in that they both","Brumbies in that they","Blues in that they","The Crusaders in that they","Hurricanes in that they","Crusaders in that they","Brumbies in that they"
"Highlanders in that they","Waratahs in that they","Brumbies in that they","Hurricanes in that they","There is currently no Super Rugby","Blues in that they both","Chiefs in that they both","Crusaders in that they","there is currently no direct comparison","Sunwolves in that they","Waratahs in that they","Brumbies in that they"
"Chiefs in terms of their","Crusaders in terms of","Blues in terms of their","Brumbies in terms of","Highlanders in terms of their","Lions in terms of their","Drua in terms of","Hurricanes in terms of their","Sunwolves in terms of","Sharks in terms of their","Stormers in terms of their","Bulls in terms of their"
"Crusaders in terms of","Crusaders in terms of","Crusaders in terms of","Force in terms of their reputation","Hurricanes in terms of their","Crusaders in terms of","Crusaders in terms of","Chiefs in terms of their","Highlanders in terms of their","Blues in terms of their","Chiefs in terms of their","Highlanders in terms of their"
"Crusaders in their stor","Crusaders in their history","Highlanders in their exciting style","Chiefs in its dominance and","Moana Pasifika in","Rebels in their ten","Hurricanes in its passionate fan","Highlanders in their intense rivalry","Sunwolves in their unique","Force in their Australian origin and","Brumbies in their strong","Blues in their rich history"
"Crusaders in terms of","Chiefs in terms of","Highlanders in terms of","Brumbies in terms of","Blues in terms of","Sunwolves in terms of","Hurricanes in terms of","Highlanders in terms of","Crusaders in terms of","Waratahs in terms of","Brumbies in terms of","Crusaders in terms of"
"Waratahs in terms of","Hurricanes in terms of their","Hurricanes in terms of their","Brumbies in terms of","Chiefs in terms of their","Rebels in terms of","Chiefs in terms of their","Highlanders in terms of","The Highlanders in terms of","Crusaders in terms of","Crusaders in terms of","Blues in terms of their"
"Crusaders in terms of","Crusaders in various ways","Brumbies in several aspects","Blues in terms of historical","Highlanders in certain aspects.","Rebels in certain aspects","Crusaders in certain components","Highlanders in numerous ways.","Blues in several aspects.","Crusaders in many ways","Chiefs in several aspects.","Highlanders in certain aspects"
"Chiefs in their flair and","Chiefs in their strategic and","Highlanders in their passionate and","Crusaders in their relentless","Crusaders in their dominance","Blues in their determination to","Hurricanes in their fearless and","Highlanders in their exciting and","Crusaders in their rich","Hurricanes in their dynamic and","Crusaders in their strong","Crusaders in their historical"
"Highlanders in their passionate and","Crusaders in their fierce","Crusaders in their strategic","Crusaders in their dominant","Highlanders in their resilient and","Sunwolves in their under","Blues in their rugged and","Hurricanes in their electrifying","Blues in their dynamic and","Crusaders in their determined","Hurricanes in their exciting and","Chiefs in their tenacity"
"Hurricanes in terms of their","Reds in terms of","Waratahs in terms of","Blues in terms of their","Highlanders in terms of","Crusaders in terms of","Crusaders in terms of","Chiefs in terms of their","Bulls in terms of their","Highlanders in terms of their","Brumbies in terms of","Rebels in terms of"
"Hurricanes in terms of their","Crusaders in terms of","Highlanders in terms of","Bulls in terms of their","Crusaders in terms of","Sunwolves in terms of","Chiefs in terms of","Blues in terms of","Sunwolves in terms of","Stormers in terms of their","Bulls in terms of their","Brumbies in terms of"
"Hurricanes in terms of their","Crusaders in terms of","Highlanders in terms of their","Brumbies in terms of","Moana Pasifika in","Rebels in terms of","Crusaders in terms of","Blues in terms of their","Samoa in terms of their","Waratahs in terms of","Brumbies in terms of","Highlanders in terms of their"
"Crusaders, as both","Hurricanes, as both teams","Brumbies, as both","Lions, as both teams","Sunwolves, as both","Highlanders, as both teams","Chiefs, as both teams","Highlanders, as both teams","Sharks, as both teams","Bulls, as both teams","Crusaders, as both","Stormers, as both teams"
"Reds in terms of their","Waratahs in terms of","Highlanders in terms of their","Blues in terms of their","Crusaders in terms of","Sunwolves in terms of","Chiefs in terms of their","Crusaders in terms of","Drua in terms of","Hurricanes in terms of their","Blues in terms of their","Brumbies in terms of"
"Crusaders in terms of","Chiefs in terms of their","Highlanders in terms of their","Blues in many aspects","Highlanders in terms of their","Rebels in many ways","Hurricanes in terms of their","Crusaders in many ways","New Zealand Maori in","Force in several ways, including","Highlanders when it comes to","Highlanders in terms of their"
"Stormers in terms of their","Lions in their strategic play","Hurricanes in the sense that","Brumbies in their consistent","Hurricanes in their fast-paced","Sunwolves in that they","Waratahs in terms of","Crusaders in terms of","Chiefs in their passionate and","Bulls in their strong forward","Crusaders in terms of","Highlanders in that"
"Highlanders in terms of their","Crusaders in terms of","Brumbies in terms of","Blues in terms of their","Crusaders in terms of","Highlanders in terms of","Hurricanes in terms of their","Blues in terms of","Highlanders in terms of their","Waratahs in terms of","Crusaders in terms of","Rebels in terms of"
"Rebels in terms of","Crusaders in terms of","Brumbies in terms of","Hurricanes in terms of their","Sunwolves in terms of","Sharks in terms of","Reds in terms of","Highlanders in terms of","Sunwolves in terms of","Blues in terms of","Chiefs in terms of","Lions in terms of"
"Crusaders in terms of","Highlanders in terms of their","Moana Pasifika in","Blues in terms of their","Moana Pasifika in","Rebels in terms of","Crusaders in terms of","Highlanders in terms of their","Chiefs in terms of their","Crusaders in terms of","Brumbies in terms of","Hurricanes in terms of"
"Rebels in terms of","Hurricanes in their offensive strategies","Brumbies when it comes","Hurricanes in their dominance","Highlanders in their flair and","Highlanders due to their resilient","Chiefs in their unpredictable playing","Chiefs in several aspects of","Highlanders in certain key aspects","Blues when it comes to","Crusaders in terms of","Crusaders in many ways"
"Waratahs as they both","Crusaders as they both","Blues as they both have","Chiefs as they both have","Highlanders as they both represent","Chiefs as they both have","Hurricanes as they both have","Crusaders as they both","Highlanders as they both represent","Brumbies as they both","Crusaders as they both","Crusaders as they both"
"Crusaders in terms of","Chiefs in terms of","Crusaders in terms of","Chiefs in terms of their","Sunwolves in terms of","Highlanders in terms of","Brumbies in terms of","Waratahs in terms of","There is no direct comparison as","Sharks in terms of","Brumbies in terms of","Hurricanes in terms of their"
"Reds in terms of their","Crusaders in terms of","Hurricanes in terms of their","Brumbies in terms of","Highlanders in terms of their","Waratahs in terms of","Moana Pasifika in","Chiefs in terms of","Highlanders in terms of","Crusaders in terms of","Blues in terms of their","Force in terms of their"
"Force in terms of their history","Crusaders in terms of","Hurricanes in terms of their","Blues in terms of their","Highlanders in terms of their","Blues in terms of their","Rebels in terms of","Chiefs in terms of their","the Highlanders in terms of","Highlanders in terms of their","Crusaders in terms of","Crusaders in terms of"
"Crusaders in that both","Crusaders in that both","Crusaders in that both","Hurricanes in that both","Chiefs in that both","Blues in that both","Crusaders in that both","Crusaders in that both","Chiefs in that both","Blues in that both","Hurricanes in that both","The Super Rugby team Highlanders"
"Hurricanes in their passionate fan","Crusaders in their dominance","Crusaders in their strong","Highlanders in their South Island","Sunwolves in their pioneering","Jaguares in their resilience","Crusaders in their gritty","Chiefs in their fast-paced","Sunwolves in their diverse","Highlanders in their underdog","Waratahs in their fierce","Blues in their history and"
"Crusaders as they both","Crusaders as they both","Crusaders as they both","Waratahs as they both","Highlanders as they both possess","Blues as they both have","Brumbies as they both","Brumbies as they both","Sunwolves as they both","Blues as they both are","Hurricanes as they both have","Chiefs as they both exhibit"
"Highlanders in terms of their","Crusaders in terms of","Hurricanes in terms of their","Hurricanes in terms of their","Highlanders in terms of their","Chiefs in terms of their","Crusaders in terms of","Crusaders in terms of","Highlanders in terms of their","Waratahs in terms of","Brumbies in terms of","Blues in terms of their"
"Crusaders in terms of","Crusaders in terms of","Hurricanes in terms of their","Chiefs in terms of their","Hurricanes in terms of their","Reds in terms of","Chiefs in terms of","Crusaders in terms of","Highlanders in terms of their","Blues in terms of","Chiefs in terms of","Blues in terms of"
"Hurricanes in terms of their","Waratahs in terms of","Highlanders in terms of","Hurricanes in terms of their","There is currently no Super Rugby","Crusaders in terms of","Chiefs in terms of","Blues in terms of","Drua in terms of","Reds in terms of","Rebels in terms of","Brumbies in terms of"
"Highlanders in terms of their","Rebels in terms of","Highlanders in terms of their","Blues in terms of their","Chiefs in terms of their","Rebels in terms of","Chiefs in terms of their","Crusaders in terms of","Crusaders in terms of","Brumbies in terms of","Crusaders in terms of","Hurricanes in terms of being"
"Crusaders in their rich","Crusaders in their tactical","Hurricanes in their flair","Hurricanes in their immense popularity","Highlanders in their passion","Brumbies in their ten","Brumbies in their resilience","Chiefs in their exciting style","Crusaders in their quest","Blues in their determination","Lions in their fierce competitiveness","Crusaders in their strong"
"Waratahs, in that","Highlanders, in that both","Brumbies, in that","Hurricanes, in that both","I apologize, but as of","Sunwolves, in that","Crusaders, in that","Lions, in that both","Manu Samoa, in that","The Chiefs, in that both","Crusaders, in that","Blues, in that both"
"Crusaders, as they","Crusaders, as they","Brumbies, as they","Brumbies, as both","Hurricanes, as they both","Rebels, as they","Crusaders, as they","Highlanders, as they both","Highlanders, as they both","Chiefs, as they both","Blues, as they both","Blues, as they both"
"Brumbies in their stor","Highlanders in their strategic and","Brumbies in their consistent","Hurricanes in their dominant and","Highlanders in their fierce and","Blues in their determination to","Crusaders in that they","Lions in their exciting and","Chiefs in their close-k","Crusaders in their disciplined","Crusaders in their determination","Hurricanes in their strong emphasis"
"Hurricanes, as both teams","Crusaders in the way","Highlanders in the sense that","Highlanders in the way they","Sunwolves as they both","Rebels as they both","Crusaders due to their","Blues because both teams","Drua in that both","Waratahs in terms of","Waratahs because both teams","Reds in the sense that"
"Force in that they both","Chiefs in that they are","Hurricanes in that they both","Highlanders in that they both","Hurricanes in that they both","Blues in that they both","Crusaders in that they","Chiefs in that they both","Drua in that they","Highlanders in that they both","Crusaders in that they","Rebels in that they"
"Hurricanes in terms of their","Waratahs in terms of","Crusaders in terms of","Chiefs in terms of their","Rebels in terms of","Reds in terms of","Waratahs in terms of","Crusaders in terms of","Sunwolves in terms of","Highlanders in terms of their","Brumbies in terms of","Brumbies in terms of"
"Waratahs in terms of","Highlanders in terms of their","Crusaders in terms of","Chiefs in terms of their","Crusaders in terms of","Hurricanes in terms of","Hurricanes in terms of their","Crusaders in terms of","Drua in terms of","Highlanders in terms of","Brumbies in terms of","Blues in terms of their"
"Highlanders in terms of their","Chiefs in terms of their","Crusaders in terms of","Hurricanes in terms of their","Highlanders in terms of","Blues in terms of","Crusaders in terms of","Crusaders in terms of","Sunwolves in terms of","Waratahs in terms of","Crusaders in terms of","Reds in terms of their"
"Crusaders in terms of","Waratahs in terms of","Reds in terms of their","Blues in terms of their","Hurricanes in terms of","Crusaders in terms of","Rebels in terms of","Blues in terms of their","Sunwolves in terms of","Highlanders in terms of","Chiefs in terms of their","Brumbies in terms of"
"Hurricanes in that both","Crusaders in that both","Crusaders in that both","Waratahs in that both","There is currently no Super Rugby","Sunwolves in that both","Rebels in that both","Blues in that both","There is currently no Super Rugby","Highlanders in that both","Chiefs in that both","Crusaders in that both"
"Sharks, in terms of","Highlanders, in terms of","Brumbies, in terms","Hurricanes in terms of their","Blues, in terms of","Chiefs, in terms of","Crusaders, in terms","Lions, in terms of","Sunwolves, in terms","Crusaders, in terms","Bulls, in terms of","Stormers, in terms of"
"Hurricanes in terms of their","Crusaders in terms of","Crusaders in terms of","Blues in terms of their","Highlanders in terms of their","Blues in terms of their","Crusaders in terms of","Chiefs in terms of their","Chiefs in terms of their","Sunwolves in terms of","Highlanders in terms of","Brumbies in terms of"
"Rebels in terms of","Hurricanes in terms of their","Highlanders in terms of their","Hurricanes in terms of their","Unfortunately, as of my knowledge","Sunwolves in terms of","Chiefs in terms of their","Brumbies in terms of","There is no existing team in","Blues in terms of their","Blues in terms of their","Sorry, as an AI language"
"the Hurricanes in terms of their","Highlanders in terms of their","the Hurricanes in terms of their","the Blues in terms of their","The Sunwolves in terms","the Rebels in terms of","the Brumbies in terms","Crusaders in terms of","The Crusaders in terms of","Force in terms of their","the Chiefs in terms of their","The Rebels in terms of their"
"Crusaders in terms of","Chiefs in the aspect of","Brumbies in the aspect","Blues in their reputation for","There is no Super Rugby team","Highlanders in the sense that","Hurricanes, as both teams","Crusaders in terms of","Chiefs in terms of their","Waratahs in terms of","Hurricanes, as both teams","Reds in terms of their"
"Chiefs in terms of","Rebels in terms of","Waratahs in terms of","Hurricanes in terms of their","Cheetahs in terms","Sunwolves in terms of","Blues in terms of their","Crusaders in terms of","Tonga is similar to the","Brumbies in terms of","Highlanders in terms of","Reds in terms of"
"Hurricanes in their rich history","Chiefs in the way they","Crusaders in their consistency","Hurricanes in their success-driven","Blues in their exciting and","Highlanders in their underdog","Brumbies in their tactical","Crusaders in their level","and the Crusaders in their","Reds in their fierce rivalry","Blues in terms of their","Crusaders in their legacy"
"Waratahs in terms of","Crusaders in terms of","Crusaders in terms of","Hurricanes in terms of their","Rebels in terms of","Sunwolves in terms of","Hurricanes in terms of their","Chiefs in terms of their","There is no direct comparison for","Lions in terms of their","Brumbies in terms of","Blues in terms of their"
"Highlanders, in that they","Crusaders, in that","Brumbies, in that","Hurricanes, in that both","Blues, in that both","Waratahs, in that","Blues, in that both","Chiefs, in that both","Highlanders, in that they","Reds, in that both","Rebels, in that","Force, in that both"
"Crusaders and the Chiefs","The Crusaders and the Reds","the Hurricanes and the Highlanders","the Hurricanes and the Highlanders","Moana Pasifika and","the Chiefs and the Highlanders","Crusaders and the Chiefs","Crusaders and the Chiefs","the Blues and the Hurricanes in","Blues and the Warata","Crusaders and the Br","Highlanders and the Brumb"
"Brumbies in terms of","Crusaders in terms of","Highlanders in terms of their","Hurricanes in terms of their","Moana Pasifika in","Rebels in terms of","Chiefs in terms of","Crusaders in terms of","Chiefs in terms of","Highlanders in terms of their","Crusaders in terms of","Hurricanes in terms of their"
"Highlanders in terms of their","Hurricanes in their strong and","Waratahs in their determined","Highlanders in their fierce and","Hurricanes in their exciting and","Crusaders, as both","Crusaders in terms of","Brumbies in their dynamic","Blues in terms of their","Force in their competitive","Crusaders in their successful","Chiefs in their rich history"
"Highlanders in their passionate fan","Reds in their disciplined defense","Crusaders in their physical","Blues in their history of","Blues in their innovative and","Hurricanes in their tenacity","Chiefs in their strategic gameplay","Crusaders in their fast","Highlanders in their deep-root","Hurricanes in their exciting and","Brumbies in their strong","Crusaders in their dominance"
"Crusaders in their rich","Rebels in their intense","Moana Pasifika in","Highlanders in their fierce and","None, as the Fij","Sunwolves in their under","Crusaders in their rivalry","Highlanders in their fierce","Chiefs in their strong community","Brumbies in their ten","Waratahs in their historic","Reds in their passionate"
"Crusaders in terms of","Crusaders in terms of","Crusaders in terms of","Blues in terms of their","Chiefs in terms of their","Crusaders in terms of","Crusaders in terms of","Chiefs in terms of their","Blues in terms of their","Blues in terms of their","Highlanders in terms of their","Hurricanes in terms of their"
"Waratahs, in terms","Crusaders, as both","Crusaders, in terms","Brumbies, in terms","Sunwolves, as both","Blues in terms of their","Hurricanes, due to their","Chiefs, as both teams","Jaguares, as both","Force, as both teams","Brumbies, in their","Hurricanes, in terms"
"Hurricanes in terms of their","Crusaders in terms of","Crusaders in terms of","Blues in terms of their","Highlanders in terms of their","Crusaders in terms of","Crusaders in terms of","Blues in terms of their","Highlanders in terms of their","Hurricanes in terms of their","Chiefs in terms of their","Blues in terms of their"
"Hurricanes in their fierce attacking","Hurricanes in their strategic gameplay","Crusaders in their success","Blues in their rich history","Battle in their exciting and unpredictable","Crusaders in their determination","Blues in their strong and","Chiefs in their fast-paced","Chiefs in their commitment to","Brumbies in their strong","Crusaders in the way","Blues in their history of"
"Hurricanes in their passionate","Crusaders in their strong","Drua in their cohesive","Highlanders in their resilient","Chiefs in terms of their","Rebels in their determined","Crusaders in many ways","Blues in their electric","Blues in terms of being","Force in their tenacity","Hurricanes due to their strong","Highlanders in terms of their"
"Crusaders in that both","Hurricanes in that both teams","Crusaders in that both","Highlanders in that both teams","Chiefs in that both","Highlanders in that both teams","Hurricanes in that both teams","Brumbies in that both","Crusaders in that both","Chiefs in that both teams","Brumbies in that both","Blues in that both teams"
