"Gloria Jean's Coffees","Hudsons Coffee","Jamaica Blue","Kurtosh","Max Brenner","McCafe","Starbucks","The Coffee Club","Zarraffa's Coffee"
"Michel's Patisserie","Cafe2U. Both","The Coffee Emporium.","Oliver Brown. Both cafes","San Churro. Both","Gloria Jean's Coff","Dôme. Both cafe chains","Caffe Nero. Both cafe","The Coffee Club. Both cafe"
"Jamaica Blue.","Coffee Bean & Tea Leaf.","Michel's Patisserie","Oliver Brown.","San Churro.","Gloria Jean's in","The Coffee Club.","Starbucks.","The Coffee Emporium."
"Michel's Patisserie","Degani. Both chains","Muffin Break. Both","Oliver Brown. Both chains","San Churro. Both","Starbucks. Both chains are","The Coffee Emporium.","Gloria Jean's Coff","Dôme Café. Both chains"
"The Coffee Emporium in","Michel's Patisserie","Gloria Jean's in","Le Bon Choix in terms","San Churro","Breadtop in terms","The Coffee Club in terms of","Zarraffa's Coffee in","The Coffee Emporium in"
"Zarraffa's Coffee.","Michel's Patisserie","Gloria Jean's Coff","Oliver Brown.","San Churro.","Brewsters Coffee.","The Coffee Emporium.","Zarraffa's Coffee.","Gloria Jean's Coff"
"Coffee Club in terms of","Gloria Jean's Coff","Muffin Break in terms","Le Bon Choix in terms","San Churro in terms","McDonald's in terms of","Zarraffa's Coffee in","Gloria Jean's Coff","Starbucks in terms of its"
"Coffee Bean & Tea Leaf.","Starbucks.","Caffe Bene.","Oliver Brown.","San Churro.","Tim Hortons.","McCafé.","Gloria Jean's Coff","Michel's Patisserie"
"The Coffee Bean and Tea Leaf","Michel's Patisserie","Gloria Jean's in","La Madeline in terms","San Churro in terms","The cafe chain Starbucks in terms","Republica Coffee Roasters in","Dôme Café in terms ","Gloria Jean's Coff"
"Starbucks. Both chains are","Michel's Patisserie","Zarraffa's Coffee.","Doughnut Time. Both","San Churro. Both","Muffin Break. Both","Gloria Jean's Coff","Cafe 63. Both","The Coffee Club. Both chains"
"Starbucks.","Coffee Club.","The Coffee Bean & Tea Leaf","Le Pain Quotidien","San Churro Café.","Dunkin' Donuts","Tim Hortons.","Cafe Nero.","Caffe Bene."
"The cafe chain Gloria Jean's","The cafe chain Hudsons Coffee","The cafe chain Jamaica Blue is","The cafe chain Kurtosh is","The cafe chain Max Brenner","The cafe chain McCafe is","The cafe chain Starbucks is similar","The cafe chain The Coffee Club","The cafe chain Zarraffa"
"The Coffee Club.","Michel's Patisserie","Gloria Jean's Coff","Baker's Delight.","San Churro.","Coffee Hit.","Merlo Coffee.","Zarraffa's Coffee.","Gloria Jean's Coff"
"The Coffee Club.","McCafe.","Cocoberry.","Degani's. Both Kurt","San Churro.","Hudsons Coffee.","Gloria Jean's.","Gloria Jean's.","Michel's Patisserie"
"The Coffee Club.","Gloria Jean's Coff","Muffin Break.","The coffee chain Doughnut Time","San Churro.","The cafe chain Starbucks.","Coffee Bean & Tea Leaf.","Michel's Patisserie","Bean Alliance."
"The Coffee Emporium.","in Australia called The Coffee Club","Zarraffa's Coffee.","in Australia called Caffe Cherry","in Australia called San Chur","in Australia called Gloria Jean's","Gloria Jean's Coff","Gloria Jean's.","Merlo Coffee."
"Coffee Culture.","Michel's Patisserie","Muffin Break.","Krispy Kreme.","San Churro.","Starbucks. Both McCafe","The Coffee Bean & Tea Leaf","Dôme Café.","Gloria Jean's Coff"
"Zarraffa's Coffee","Michel's Patisserie","Degani","Oliver Brown","San Churro","Muffin Break","Dome","Gloria Jean's Coff","Gloria Jean's Coff"
"The Coffee Club.","Dome Café.","The cafe chain Hudsons Coffee","Miss Maud.","San Churro.","Muffin Break.","The cafe chain McCafé","Michel's Patisserie","Gloria Jean's Coff"
"The Coffee Club.","Caffe Nero.","Michel's Patisserie","Oliver Brown.","San Churro.","Muffin Break.","Gloria Jean’s Coff","Zarraffa's Coffee.","Cascara Coffee."
"The Coffee Club.","Coffee Hit.","Muffin Break.","The Cheesecake Shop.","San Churro.","Starbucks.","Caffe Nero.","Michel's Patisserie","Gloria Jean's Coff"
"Starbucks","Bean There Done That","Muffin Break","Ferguson Plarre Bake","San Churro","Caffe Nero","The Coffee Bean & Tea Leaf","Gloria Jean's Coff","Michel's Patisserie"
"The cafe chain Gloria Jean's","Gloria Jean's Coff","The cafe chain Jamaica Blue is","The cafe chain Kurtosh is","The cafe chain Max Brenner","The cafe chain McCafe is","The cafe chain Starbucks is known","The cafe chain The Coffee Club","The cafe chain Zarraffa"
"The cafe chain Gloria Jean's","The cafe chain Hudsons Coffee","The cafe chain Jamaica Blue","Kurtosh is similar to","The cafe chain Max Brenner","The cafe chain McCafe is","The cafe chain Starbucks is similar","The cafe chain The Coffee Club","The cafe chain Zarraffa"
"Coffee Hit.","Coffee Club.","Muffin Break.","Michel's Patisserie","San Churro.","Grinders Coffee.","Gloria Jean's in","Café 63","Merlo Coffee."
"Coffee Club in that","Coffee Hit","Michel's Patisserie","Bakers Delight in that","San Churro in that","Gloria Jean's Coff","The Coffee Bean & Tea Leaf","Dôme Café","The House of Robert Timms"
"Starbucks. Both","Coffee Club. Both","Michel's Patisserie","Oliver Brown. Both","San Churro. Both","Brewsters Coffee. Both","Gloria Jean's Coff","Hudsons Coffee. Both","The Grind Coffee Co."
"Starbucks.","The Coffee Club.","Muffin Break.","Oliver Brown.","San Churro.","Starbucks.","Gloria Jean's Coff","Hudsons Coffee.","Gloria Jean's Coff"
"The cafe chain Gloria Jean's","The cafe chain Hudsons Coffee","The cafe chain Jamaica Blue","The cafe chain Kurtosh is","The cafe chain Max Brenner","The cafe chain McCafe is","The cafe chain Gloria Jean's","The cafe chain The Coffee Club","The cafe chain Zarraffa"
"Coffee Emporium. Both","Grinders Coffee. Both cafe","Michel's Patisserie","Brunetti. Both cafe chains","San Churro. Both","Muffin Break. Both","Gloria Jean's Coff","Coffee Hit. Both cafe chains","Gloria Jean's Coff"
"Michel's Patisserie","Coffee Club.","Gloria Jean's Coff","Oliver Brown.","San Churro.","Starbucks.","Coffee Bean & Tea Leaf.","Zarraffa's Coffee.","Dôme Cafe."
"Coffee Culture","Gloria Jean's Coff","Degani","Oliver Brown","San Churro","Cafe2U","The Coffee Club","Michel's Patisserie","Coffee Hit"
"Michel's Patisserie","Gloria Jean's Coff","Muffin Break","Le Bon Choix","San Churro","Starbucks","Dôme Café","Jamaica Blue","The Coffee Club"
"Zarraffa's Coffee.","Michel's Patisserie","The Coffee Club.","Oliver Brown.","San Churro.","Starbucks.","McCafe.","Jamaica Blue.","Gloria Jean's Coff"
"Zarraffa's Coffee.","Starbucks. Both Hudsons","The cafe chain The Coffee Club","Oliver Brown. Both Kurt","San Churro. Both","The cafe chain McCafe is","Hudsons Coffee.","Gloria Jean's Coff","Gloria Jean's Coff"
"Coffee Club. Both are popular","Michel's Patisserie","Muffin Break. Both","Oliver Brown. Both have","San Churro. Both","Muffin Break. Both","Gloria Jean's Coff","Dôme Café. Both have","The Coffee Emporium."
"Michel's Patisserie","Coffee Club","Gloria Jean's in","Oliver Brown in","San Churro","Brewbakers in","The Coffee Club in","Zambrero","Caffe Republic in"
"Hudsons Coffee. Both","Gloria Jean's Coff","The Coffee Club. Both Jamaica","Le Bon Choix. Both","San Churro. Both","The coffee chain Muffin","Gloria Jean's Coff","Michel's Patisserie","Coffee Club. Both Zarra"
"Coffee Hit","Grinders Coffee House","Michel's Patisserie","Pablo & Rusty's","San Churro","Bakers Delight Café","Gloria Jean's Coff","Caffe Nero","Dôme Café"
"The Coffee Club.","Gloria Jean's Coff","Muffin Break.","Degani.","San Churro.","Caffe Nero.","McCafé.","Cafe 2 U.","Michel's Patisserie"
"Michel's Patisserie","Cibo Espresso. Both cafes","Gloria Jean's Coff","Oliver Brown. Both cafes","San Churro. Both","Starbucks. Both","The Coffee Club. Both cafes","Muffin Break. Both","Merlo Coffee. Both cafes"
"Zarraffa's Coffee.","Grinders Coffee. Both primarily","Michel's Patisserie","Brunetti. Both offer a","San Churro. Both","Starbucks. Both are popular","Gloria Jean's.","Gloria Jean's.","The Coffee Club. Both are"
"Starbucks","Gloria Jean's Coff","The cafe chain Michel's P","Chocolateria San Chur","San Churro","Gloria Jean's Coff","The cafe chain The Coffee Club","Zarraffa's Coffee","Gloria Jean's Coff"
"Starbucks. Both Gloria Jean","Cibo Espresso","Michel's Patisserie","Oliver Brown. Both Kurt","San Churro. Both","Muffin Break. Both","Gloria Jean's Coff","Caffe Nero. Both The","Dôme Café. Both Zar"
"The cafe chain Gloria Jean's","The cafe chain Hudsons Coffee","The cafe chain Jamaica Blue is","The cafe chain Kurtosh is","The cafe chain Max Brenner","The cafe chain McCafe is","The cafe chain Starbucks is similar","The cafe chain The Coffee Club","The cafe chain Zarraffa"
"Starbucks. Both are well","Gloria Jean's Coff","The Coffee Club. Both offer","Max Brenner. Both specialize","San Churro. Both","Michel's Patisserie","Gloria Jean's Coff","Jamaica Blue. Both","Gloria Jean's Coff"
"The Coffee Club. Both Gloria","Vittoria Coffee. Both","Michel's Patisserie","Breadtop. Both Kurt","San Churro. Both","Cafe2U. Both","The Coffee Bean & Tea Leaf","Dôme Café. Both The","Gloria Jean's Coff"
"Starbucks. Both cafe chains","Esquires Coffee. Both cafe","Muffin Break. Both","frequent australachtens","San Churro. Both","Brewsters Coffee. Both","Coffee Bean & Tea Leaf.","Gloria Jean's Coff","Caffe Cherry Beans. Both"
"Muffin Break.","Degani.","Zarraffa's Coffee.","Michel's Patisserie","San Churro.","The Coffee Club.","Gloria Jean's Coff","Dôme Café Australia.","Coffee Hit."
"The Coffee Bean & Tea Leaf","Michel's Patisserie","Muffin Break.","in Australia called Degani.","San Churro.","Gloria Jean's Coffee","The Coffee Club.","Gloria Jean's Coff","Gloria Jean's Coff"
"Starbucks. Both chains are","Coffee Hit. Both chains","Michel's Patisserie","The House of Honey. Both","San Churro. Both","Muffin Break. Both","Gloria Jean's Coff","Zarraffa's Coffee.","The Coffee Club. Both chains"
"Michel's Patisserie","Vittoria Coffee.","The Coffee Emporium.","Baker's Delight.","San Churro. Both","Muffin Break. Both","Coffee Club. Both","Dôme Café. Both","Gloria Jean's Coff"
"The Coffee Club. Both have","Jamaica Blue. Both","Muffin Break. Both","Oliver Brown. Both specialize","San Churro. Both","Starbucks. Both are international","Zarraffas Coffee.","Gloria Jean's Coff","Gloria Jean's Coff"
"Coffee Bean & Tea Leaf.","Jacqui E's Gourmet","The Coffee Emporium.","Chez Dre. Both are","San Churro. Both","Starbucks. Both","Dôme Café. Both are","Caffe Nero. Both","Gloria Jean's Coff"
"Starbucks, in terms of","Dôme Café, as both","CIBO Espresso, in","Oliver Brown, as both","San Churro, as","McDonald's, as both","Gloria Jean's Coff","Caffe Nero, due to","The Coffee Bean & Tea Leaf"
"Michel's Patisserie","Zarraffa's Coffee","Gloria Jean's in","Löwy's Artisan","San Churro","Coffee Club","The Dome","Muffin Break","Dôme Coffee"
"Caffe Cherry Beans","Gloria Jean's Coff","Michel's Patisserie","Oliver Brown","San Churro","Coffee Club Express","Groupe Le Duff's","Zarraffa's Coffee","The coffee chain The Coffee Emp"
"Starbucks. Both Gloria Jean","Michel's Patisserie","Muffin Break. Both","Caffe Patisse.","San Churro. Both","Gloria Jean's Coff","Gloria Jean's Coff","Zarraffa's Coffee.","The Coffee Club. Both Zar"
"Michel's Patisserie","Gloria Jean's Coff","Gloria Jean's Coff","Oliver Brown. Both cafes","San Churro. Both","Coffee Club. Both café chains","Coffee Bean & Tea Leaf.","Hudsons Coffee. Both","The Coffee Club. Both café"
"The cafe chain Gloria Jean's","The cafe chain Hudsons Coffee","The cafe chain Jamaica Blue is","The cafe chain Kurtosh is","The cafe chain Max Brenner","The cafe chain McCafe is","The cafe chain Starbucks is similar","The cafe chain The Coffee Club","The cafe chain Zarraffa"
"Coffee Club.","Gloria Jean's Coff","Muffin Break.","Brunetti.","San Churro.","Starbucks.","Coffee Bean & Tea Leaf.","Michel's Patisserie","The Coffee Club."
"Zarraffa's Coffee.","Starbucks.","The Coffee Club.","Max Brenner.","San Churro.","Hudsons Coffee.","McCafe.","Gloria Jean's Coff","Gloria Jean's Coff"
"The Coffee Club in","Jamaica Blue in","Gloria Jean's in","San Churro in terms","San Churro in terms","Starbucks in","McCafe in terms of its","Gloria Jean's in","Gloria Jean's Coff"
"Dôme Café. Both Gloria","Gloria Jean's Coff","Muffin Break. Both","Oliver Brown. Both Kurt","San Churro. Both","Starbucks. Both McCafe","The Coffee Bean & Tea Leaf","Michel's Patisserie","The Coffee Club. Both Zar"
"The Coffee Club.","Gloria Jean's Coff","Caffe Cherry Beans.","None that I am familiar with","San Churro.","Starbucks.","Gloria Jean's Coff","Zarraffa's Coffee.","Merlo Coffee."
"The cafe chain Gloria Jean's","The cafe chain Hudsons Coffee","The cafe chain Jamaica Blue is","Kurtosh is similar to","The cafe chain Max Brenner","The cafe chain McCafe","The cafe chain Starbucks","The cafe chain The Coffee Club","The cafe chain Zarraffa"
"The cafe chain Gloria Jean's","The cafe chain Hudsons Coffee","The cafe chain Jamaica Blue is","The cafe chain Kurtosh is","The cafe chain Max Brenner","The cafe chain McCafe is","The cafe chain Starbucks is internationally","The cafe chain The Coffee Club","Gloria Jean's Coff"
"Zarraffa's Coffee.","deberthed Coffee. Both","The Coffee Club. Both Jamaica","San Churro. Both","San Churro. Both","Gloria Jean's Coff","Gloria Jean's Coff","Starbucks. Both The Coffee","Gloria Jean's Coff"
"The Coffee Bean & Tea Leaf","Starbucks.","Michel's Patisserie","Oliver Brown.","San Churro.","Brewsters Coffee.","Hudsons Coffee.","Gloria Jean's Coff","Dôme Café."
"Zarraffa's Coffee.

","Gloria Jean's Coff","The Coffee Club.

Both Jamaica","Cacao Green.

Both Kurt","San Churro.

Both","Starbucks.

Both McCafe","McCafe.

Both Starbucks and","Jamaica Blue.

Both","Gloria Jean's Coff"
"Coffee Hit","Bean Bar","Michel's Patisserie","Oliver Brown","San Churro","Hudsons Coffee","Gloria Jean's Coff","Dôme Café","Coffee Club"
"Starbucks in terms of its","Dôme Café in terms of","Muffin Break in terms","PappaRoti in terms","San Churro in terms","Gloria Jean's Coff","The Coffee Club in terms of","Zarraffa's Coffee in","The Coffee Club in terms of"
"Starbucks. Both","Caffe Nero. Both","The Coffee Club. Both","Max Brenner. Both","San Churro. Both","Tim Hortons. Both","Dôme Café. Both","Gloria Jean's Coff","Hudsons Coffee. Both"
"The Coffee Emporium.","Gloria Jean's Coff","Michel's Patisserie","Oliver Brown. Both serve","San Churro. Both","Caffe Nero. Both are","Coffee Club. Both have a","Dôme Coffee. Both offer","Gloria Jean's Coff"
"The Coffee Emporium in","Cibo Espresso in","Michel's Patisserie","Oliver Brown in","San Churro in","The Coffee Club in","Gloria Jean's in","Zarraffa's Coffee in","Gloria Jean's in"
"The cafe chain Gloria Jean's","The cafe chain Hudsons Coffee","The cafe chain Jamaica Blue","The cafe chain Kurtosh is","The cafe chain Max Brenner","The cafe chain McCafe is","Gloria Jean's Coff","The cafe chain The Coffee Club","The cafe chain Zarraffa"
"Coffee Club.","Gloria Jean's Coff","Michel's Patisserie","Oliver Brown.","San Churro.","Gloria Jean's Coff","The Coffee Club.","Gloria Jean's Coff","The Coffee Club."
"The Coffee Bean & Tea Leaf","Grinders Coffee","Michel's Patisserie","Giovanni L by San","San Churro","Baker's Delight Café","Gloria Jean's Coff","Zarraffa's Coffee","Gloria Jean's Coff"
"Coffee Club. Both chains","Coffee Bean & Tea Leaf.","Muffin Break. Both","Michel's Patisserie","San Churro. Both","Starbucks. Both chains are","Gloria Jean's Coff","Caffe Nero. Both chains","Dôme Café. Both chains"
"Zarraffa's Coffee.","Caffe Nero.","Michel's Patisserie","Ferguson Plarre.","San Churro.","Muffin Break.","Gloria Jean's Coff","Starbucks.","Gloria Jean's Coff"
"Gloria Jean's Coff","Hudsons Coffee is similar","Jamaica Blue is similar","Kurtosh is similar to","Max Brenner is similar to","McCafe is similar to","Starbucks is similar to the","The Coffee Club is similar to","Zarraffa's Coffee is"
"Coffee Club.","Gloria Jean's Coff","Gloria Jean's Coff","The cafe chain Le Bon Cho","San Churro.","The cafe chain Starbucks.","Dôme Café.","The cafe chain Jamaica Blue.","Merlo Coffee."
"Zarraffa's Coffee.","Michel's Patisserie","The Coffee Club.","Brunetti.","San Churro.","Gloria Jean's Coff","McCafé.","Jamaica Blue.","Gloria Jean's Coff"
"Coffee Club. Both Gloria Jean","Hudsons Coffee is similar","Gloria Jean's in","San Churro","Theobroma Chocolate Lounge","Muzz Buzz","Gloria Jean's","Michel's Patisserie","Merlo Coffee"
"Starbucks in terms of its","Kurtosh in terms of","Gloria Jean's Coff","Max Brenner in terms of","Zarraffa's Coffee in","Starbucks in terms of","The Coffee Club in terms of","Jamaica Blue in terms","McCafe in terms of"
"Cafe 2 U.","Muffin Break. Both","Michel's Patisserie","Max Brenner. Both chains","San Churro. Both","Starbucks. Both chains are","Gloria Jean's.","Zarraffa's Coffee.","The Coffee Emporium."
"Coffee Club. Both café chains","The Coffee Emporium.","Gloria Jean's Coff","Oliver Brown. Both","San Churro. Both","Hungry Jack's. Both","The Coffee Bean & Tea Leaf","Dôme Café. Both café","The Muffin Break."
"Starbucks. Both Gloria Jean","Tim Hortons. Both Hudson","Muffin Break. Both","Levain Bakery. Both","San Churro. Both","Cafe Coffee Day. Both","Gloria Jean's Coff","Dôme Café. Both The","Dôme Coffee. Both Zar"
"Michel's Patisserie","Gloria Jean's Coff","Coffee Club.","Le Bon Choix.","San Churro.","Muffin Break.","Gourmet Coffee Co.","Caffe Nero.","The Coffee Club."
"Michel's Patisserie","Jamaica Blue.","Gloria Jean's.","Nodo.","San Churro.","Gloria Jean's Coff","McCafé.","The Dome.","Coffee Club."
"The Coffee Club in","Gloria Jean's Coff","Muffin Break in","Ferguson Plarre Bake","San Churro in","Starbucks in","Gloria Jean's in","Gloria Jean's in","Coffee Club in"
"The cafe chain Gloria Jean's","The cafe chain Hudsons Coffee","The cafe chain Jamaica Blue is","The cafe chain Kurtosh is","The cafe chain Max Brenner","The cafe chain McCafe is","The cafe chain Starbucks is similar","The cafe chain The Coffee Club","The cafe chain Zarraffa"
"Starbucks. Both Gloria Jean","Starbucks. Both Hudsons","Degani. Both Jamaica Blue","La Maison Du Kourosh","San Churro. Both","Tim Hortons. Both McC","Gloria Jean's Coff","Gloria Jean's Coff","Gloria Jean's Coff"
"The Coffee Bean & Tea Leaf","Caffè Nero.","Café Coffee Day.","Le Pain Quotidien","San Churro in","Tim Hortons in","McCafé in","Gloria Jean's in","Caffe Nero in"
"Hudsons Coffee. Both","Gloria Jean's Coff","Michel's Patisserie","called The Coffee Club. Both","San Churro. Both","Starbucks. Both chains are","McCafe. Both chains are","Kurtosh. Both chains","Coffee Club. Both chains are"
"Michel's Patisserie","The Coffee Club. Both","Degani.","Short Black Cafe.","San Churro. Both","Muffin Break. Both","Gloria Jean's Coff","Zarraffa's Coffee.","Merlo Coffee."
"The Coffee Club. Both cafe","Wild Bean Café. Both cafe","The Muffin Break.","Oliver Brown. Both café","San Churro. Both","Starbucks. Both cafe chains","Gloria Jean's Coff","Caffe Nero. Both cafe","Gloria Jean's Coff"
"Michel's Patisserie","Degani.","Muffin Break.",NA,NA,NA,"Gloria Jean's Coff","Dôme Café.","The Coffee Club."
"The Coffee Club. Both","Starbucks. Both chains offer","Muffin Break. Both","Max Brenner.","San Churro. Both","Zarraffa's Coffee.","Hudsons Coffee. Both","Gloria Jean's Coff","Michel's Patisserie"
"Michel's Patisserie","Café 2U","Zarraffa's Coffee","Ferguson Plarre Bake","San Churro","Coffee Club","Gloria Jean's Coff","Degani Café","Merlo Coffee"
"The cafe chain Gloria Jean's","The cafe chain Hudsons Coffee","The cafe chain Jamaica Blue","Kurtosh is similar to","The cafe chain Max Brenner","The cafe chain McCafe is","The cafe chain Starbucks is similar","The cafe chain The Coffee Club","The cafe chain Zarraffa"
